Value 1,Value 2,Result
215,500,0.43
210,140,1.5
52,13,4
84,16,5.25
17,125,0.136
36,256,0.140625
125,625,0.2
343,49,7
121,88,1.375
333,12,27.75
144,128,1.125
54,64,0.84375
105,35,3
216,16,13.5
96,256,0.375
85,125,0.68
700,125,5.6
729,18,40.5
184,23,8
