Value 1,Value 2,Result
215,500,0.43
142,302,0.4701986755
152,74,2.054054054
84,214,0.3925233645
578,45,12.84444444
236,86,2.744186047
125,142,0.8802816901
485,126,3.849206349
625,521,1.199616123
321,74,4.337837838
201,108,1.861111111
54,214,0.2523364486
210,148,1.418918919
216,630,0.3428571429
96,209,0.4593301435
85,41,2.073170732
203,210,0.9666666667
125,215,0.5813953488
90,23,3.913043478