Value,Result
49,7
121,11
289,17
36,6
400,20
196,14
10,3.1622776601683795
36,6
81,9
732,27.055498516937366
457,21.37755832643195
22,4.69041575982343
144,12
625,25
47,6.855654600401044