Value,Result
49,7
90,9.486832981
55,7.416198487
111,10.53565375
400,20
56,7.483314774
121,11
343,18.52025918
36,6
81,9
452,21.26029163
125,11.18033989
333,18.24828759
112,10.58300524
144,12
169,13
196,14
625,25
854,29.22327839